Type,Chinese,IsStandard,Atoms,AtomCount
ALA,丙氨酸,1,[C O CA N CB],5
ARG,精氨酸,1,[C O CA N CB CG CD NE CZ NH1 NH2],11
ASN,天冬酰胺,1,[C O CA N CB CG OD1 ND2],8
ASP,天冬氨酸,1,[C O CA N CB CG OD1 OD2],8
CYS,半胱氨酸,1,[C O CA N CB SG],6
GLN,谷氨酰胺,1,[C O CA N CB CG CD OE1 NE2],9
GLU,谷氨酸,1,[C O CA N CB CG CD OE1 OE2],9
GLY,甘氨酸,1,[C O CA N],4
HIS,组氨酸,1,[C O CA N CB CG ND1 CD2 CE1 NE2],10
ILE,异亮氨酸,1,[C O CA N CB CG1 CG2 CD1],8
LEU,亮氨酸,1,[C O CA N CB CG CD1 CD2],8
LYS,赖氨酸,1,[C O CA N CB CG CD CE NZ],9
MET,甲硫氨酸,1,[C O CA N CB CG SD CE],8
PHE,苯丙氨酸,1,[C O CA N CB CG CD1 CD2 CE1 CE2 CZ],11
PRO,脯氨酸,1,[C O CA N CB CG CD],7
SER,丝氨酸,1,[C O CA N CB OG],6
THR,苏氨酸,1,[C O CA N CB OG1 CG2],7
TRP,色氨酸,1,[C O CA N CB CG CD1 CD2 NE1 CE2 CE3 CZ2 CZ3 CH2],14
TYR,酪氨酸,1,[C O CA N CB CG CD1 CD2 CE1 CE2 CZ OH],12
VAL,缬氨酸,1,[C O CA N CB CG1 CG2],7
